ref_name,dist_name,dmos
1600.png,1600.AWGN.1.png,0.061989
1600.png,1600.AWGN.2.png,0.206245
1600.png,1600.AWGN.3.png,0.262122
1600.png,1600.AWGN.4.png,0.374632
1600.png,1600.AWGN.5.png,0.467480
aerial_city.png,aerial_city.AWGN.1.png,0.031592
aerial_city.png,aerial_city.AWGN.2.png,0.125135
aerial_city.png,aerial_city.AWGN.3.png,0.244957
aerial_city.png,aerial_city.AWGN.4.png,0.372947
aerial_city.png,aerial_city.AWGN.5.png,0.501263
boston.png,boston.AWGN.1.png,0.029159
boston.png,boston.AWGN.2.png,0.081368
boston.png,boston.AWGN.3.png,0.215496
boston.png,boston.AWGN.4.png,0.383116
boston.png,boston.AWGN.5.png,0.471591
bridge.png,bridge.AWGN.1.png,0.027782
bridge.png,bridge.AWGN.2.png,0.087857
bridge.png,bridge.AWGN.3.png,0.251788
bridge.png,bridge.AWGN.4.png,0.408695
bridge.png,bridge.AWGN.5.png,0.517009
butter_flower.png,butter_flower.AWGN.1.png,0.026574
butter_flower.png,butter_flower.AWGN.2.png,0.089165
butter_flower.png,butter_flower.AWGN.3.png,0.252299
butter_flower.png,butter_flower.AWGN.4.png,0.434892
butter_flower.png,butter_flower.AWGN.5.png,0.545271
cactus.png,cactus.AWGN.1.png,0.104329
cactus.png,cactus.AWGN.2.png,0.205708
cactus.png,cactus.AWGN.3.png,0.349438
cactus.png,cactus.AWGN.4.png,0.439167
cactus.png,cactus.AWGN.5.png,0.498391
child_swimming.png,child_swimming.AWGN.1.png,0.028457
child_swimming.png,child_swimming.AWGN.2.png,0.120207
child_swimming.png,child_swimming.AWGN.3.png,0.271600
child_swimming.png,child_swimming.AWGN.4.png,0.412687
child_swimming.png,child_swimming.AWGN.5.png,0.488561
couple.png,couple.AWGN.1.png,0.005539
couple.png,couple.AWGN.2.png,0.109029
couple.png,couple.AWGN.3.png,0.204356
couple.png,couple.AWGN.4.png,0.325231
couple.png,couple.AWGN.5.png,0.469608
elk.png,elk.AWGN.1.png,0.033320
elk.png,elk.AWGN.2.png,0.065236
elk.png,elk.AWGN.3.png,0.171903
elk.png,elk.AWGN.4.png,0.236539
elk.png,elk.AWGN.5.png,0.357941
family.png,family.AWGN.1.png,0.087792
family.png,family.AWGN.2.png,0.149679
family.png,family.AWGN.3.png,0.274742
family.png,family.AWGN.4.png,0.375346
family.png,family.AWGN.5.png,0.479589
fisher.png,fisher.AWGN.1.png,0.052354
fisher.png,fisher.AWGN.2.png,0.130219
fisher.png,fisher.AWGN.3.png,0.216470
fisher.png,fisher.AWGN.4.png,0.312143
fisher.png,fisher.AWGN.5.png,0.440315
foxy.png,foxy.AWGN.1.png,0.013529
foxy.png,foxy.AWGN.2.png,0.063617
foxy.png,foxy.AWGN.3.png,0.136469
foxy.png,foxy.AWGN.4.png,0.250446
foxy.png,foxy.AWGN.5.png,0.381163
geckos.png,geckos.AWGN.1.png,0.028506
geckos.png,geckos.AWGN.2.png,0.060272
geckos.png,geckos.AWGN.3.png,0.116695
geckos.png,geckos.AWGN.4.png,0.201859
geckos.png,geckos.AWGN.5.png,0.336186
lady_liberty.png,lady_liberty.AWGN.1.png,0.032476
lady_liberty.png,lady_liberty.AWGN.2.png,0.151055
lady_liberty.png,lady_liberty.AWGN.3.png,0.254612
lady_liberty.png,lady_liberty.AWGN.4.png,0.384169
lady_liberty.png,lady_liberty.AWGN.5.png,0.487483
lake.png,lake.AWGN.1.png,0.022140
lake.png,lake.AWGN.2.png,0.136921
lake.png,lake.AWGN.3.png,0.295296
lake.png,lake.AWGN.4.png,0.437237
lake.png,lake.AWGN.5.png,0.536122
log_seaside.png,log_seaside.AWGN.1.png,0.000000
log_seaside.png,log_seaside.AWGN.2.png,0.056561
log_seaside.png,log_seaside.AWGN.3.png,0.131855
log_seaside.png,log_seaside.AWGN.4.png,0.267465
log_seaside.png,log_seaside.AWGN.5.png,0.441762
monument.png,monument.AWGN.1.png,0.012407
monument.png,monument.AWGN.2.png,0.081070
monument.png,monument.AWGN.3.png,0.183266
monument.png,monument.AWGN.4.png,0.324758
monument.png,monument.AWGN.5.png,0.467743
native_american.png,native_american.AWGN.1.png,0.040322
native_american.png,native_american.AWGN.2.png,0.069080
native_american.png,native_american.AWGN.3.png,0.223948
native_american.png,native_american.AWGN.4.png,0.401099
native_american.png,native_american.AWGN.5.png,0.476060
redwood.png,redwood.AWGN.1.png,0.050866
redwood.png,redwood.AWGN.2.png,0.187574
redwood.png,redwood.AWGN.3.png,0.322696
redwood.png,redwood.AWGN.4.png,0.431555
redwood.png,redwood.AWGN.5.png,0.544838
roping.png,roping.AWGN.1.png,0.002501
roping.png,roping.AWGN.2.png,0.105028
roping.png,roping.AWGN.3.png,0.184517
roping.png,roping.AWGN.4.png,0.381884
roping.png,roping.AWGN.5.png,0.513078
rushmore.png,rushmore.AWGN.1.png,0.032498
rushmore.png,rushmore.AWGN.2.png,0.130996
rushmore.png,rushmore.AWGN.3.png,0.258897
rushmore.png,rushmore.AWGN.4.png,0.381888
rushmore.png,rushmore.AWGN.5.png,0.512603
shroom.png,shroom.AWGN.1.png,0.031449
shroom.png,shroom.AWGN.2.png,0.135602
shroom.png,shroom.AWGN.3.png,0.236730
shroom.png,shroom.AWGN.4.png,0.355141
shroom.png,shroom.AWGN.5.png,0.463235
snow_leaves.png,snow_leaves.AWGN.1.png,0.018848
snow_leaves.png,snow_leaves.AWGN.2.png,0.063487
snow_leaves.png,snow_leaves.AWGN.3.png,0.211740
snow_leaves.png,snow_leaves.AWGN.4.png,0.293439
snow_leaves.png,snow_leaves.AWGN.5.png,0.434127
sunsetcolor.png,sunsetcolor.AWGN.1.png,0.039306
sunsetcolor.png,sunsetcolor.AWGN.2.png,0.205564
sunsetcolor.png,sunsetcolor.AWGN.3.png,0.302095
sunsetcolor.png,sunsetcolor.AWGN.4.png,0.409396
sunsetcolor.png,sunsetcolor.AWGN.5.png,0.515154
sunset_sparrow.png,sunset_sparrow.AWGN.1.png,0.042131
sunset_sparrow.png,sunset_sparrow.AWGN.2.png,0.179278
sunset_sparrow.png,sunset_sparrow.AWGN.3.png,0.325552
sunset_sparrow.png,sunset_sparrow.AWGN.4.png,0.457659
sunset_sparrow.png,sunset_sparrow.AWGN.5.png,0.548982
swarm.png,swarm.AWGN.1.png,0.035196
swarm.png,swarm.AWGN.2.png,0.165720
swarm.png,swarm.AWGN.3.png,0.321872
swarm.png,swarm.AWGN.4.png,0.419232
swarm.png,swarm.AWGN.5.png,0.577175
trolley.png,trolley.AWGN.1.png,0.028644
trolley.png,trolley.AWGN.2.png,0.090283
trolley.png,trolley.AWGN.3.png,0.219874
trolley.png,trolley.AWGN.4.png,0.341872
trolley.png,trolley.AWGN.5.png,0.450259
turtle.png,turtle.AWGN.1.png,0.019981
turtle.png,turtle.AWGN.2.png,0.119220
turtle.png,turtle.AWGN.3.png,0.198715
turtle.png,turtle.AWGN.4.png,0.329355
turtle.png,turtle.AWGN.5.png,0.435649
veggies.png,veggies.AWGN.1.png,0.017592
veggies.png,veggies.AWGN.2.png,0.098451
veggies.png,veggies.AWGN.3.png,0.213596
veggies.png,veggies.AWGN.4.png,0.346756
veggies.png,veggies.AWGN.5.png,0.472459
woman.png,woman.AWGN.1.png,0.051841
woman.png,woman.AWGN.2.png,0.197147
woman.png,woman.AWGN.3.png,0.288616
woman.png,woman.AWGN.4.png,0.409103
woman.png,woman.AWGN.5.png,0.489830
1600.png,1600.JPEG.1.png,0.012873
1600.png,1600.JPEG.2.png,0.069148
1600.png,1600.JPEG.3.png,0.196827
1600.png,1600.JPEG.4.png,0.501063
1600.png,1600.JPEG.5.png,0.687127
aerial_city.png,aerial_city.JPEG.1.png,0.030282
aerial_city.png,aerial_city.JPEG.2.png,0.064545
aerial_city.png,aerial_city.JPEG.3.png,0.388892
aerial_city.png,aerial_city.JPEG.4.png,0.607260
aerial_city.png,aerial_city.JPEG.5.png,0.819082
boston.png,boston.JPEG.1.png,0.000000
boston.png,boston.JPEG.2.png,0.049884
boston.png,boston.JPEG.3.png,0.328492
boston.png,boston.JPEG.4.png,0.736937
boston.png,boston.JPEG.5.png,0.832481
bridge.png,bridge.JPEG.1.png,0.037193
bridge.png,bridge.JPEG.2.png,0.075837
bridge.png,bridge.JPEG.3.png,0.272774
bridge.png,bridge.JPEG.4.png,0.743116
bridge.png,bridge.JPEG.5.png,0.816164
butter_flower.png,butter_flower.JPEG.1.png,0.023259
butter_flower.png,butter_flower.JPEG.2.png,0.030891
butter_flower.png,butter_flower.JPEG.3.png,0.409916
butter_flower.png,butter_flower.JPEG.4.png,0.699413
butter_flower.png,butter_flower.JPEG.5.png,0.808089
cactus.png,cactus.JPEG.1.png,0.040969
cactus.png,cactus.JPEG.2.png,0.160464
cactus.png,cactus.JPEG.3.png,0.378421
cactus.png,cactus.JPEG.4.png,0.704142
cactus.png,cactus.JPEG.5.png,0.811723
child_swimming.png,child_swimming.JPEG.1.png,0.028860
child_swimming.png,child_swimming.JPEG.2.png,0.029868
child_swimming.png,child_swimming.JPEG.3.png,0.235530
child_swimming.png,child_swimming.JPEG.4.png,0.514454
child_swimming.png,child_swimming.JPEG.5.png,0.695730
couple.png,couple.JPEG.1.png,0.002154
couple.png,couple.JPEG.2.png,0.033951
couple.png,couple.JPEG.3.png,0.258088
couple.png,couple.JPEG.4.png,0.586040
couple.png,couple.JPEG.5.png,0.723660
elk.png,elk.JPEG.1.png,0.032371
elk.png,elk.JPEG.2.png,0.068200
elk.png,elk.JPEG.3.png,0.219959
elk.png,elk.JPEG.4.png,0.549672
elk.png,elk.JPEG.5.png,0.710220
family.png,family.JPEG.1.png,0.022005
family.png,family.JPEG.2.png,0.134202
family.png,family.JPEG.3.png,0.646726
family.png,family.JPEG.4.png,0.761771
family.png,family.JPEG.5.png,0.846264
fisher.png,fisher.JPEG.1.png,0.008109
fisher.png,fisher.JPEG.2.png,0.180489
fisher.png,fisher.JPEG.3.png,0.517848
fisher.png,fisher.JPEG.4.png,0.724555
fisher.png,fisher.JPEG.5.png,0.790682
foxy.png,foxy.JPEG.1.png,0.016044
foxy.png,foxy.JPEG.2.png,0.074939
foxy.png,foxy.JPEG.3.png,0.154162
foxy.png,foxy.JPEG.4.png,0.322037
foxy.png,foxy.JPEG.5.png,0.551065
geckos.png,geckos.JPEG.1.png,0.021995
geckos.png,geckos.JPEG.2.png,0.046741
geckos.png,geckos.JPEG.3.png,0.134775
geckos.png,geckos.JPEG.4.png,0.462546
geckos.png,geckos.JPEG.5.png,0.734366
lady_liberty.png,lady_liberty.JPEG.1.png,0.016972
lady_liberty.png,lady_liberty.JPEG.2.png,0.273514
lady_liberty.png,lady_liberty.JPEG.3.png,0.531660
lady_liberty.png,lady_liberty.JPEG.4.png,0.654502
lady_liberty.png,lady_liberty.JPEG.5.png,0.770318
lake.png,lake.JPEG.1.png,0.020702
lake.png,lake.JPEG.2.png,0.078837
lake.png,lake.JPEG.3.png,0.155843
lake.png,lake.JPEG.4.png,0.429371
lake.png,lake.JPEG.5.png,0.729901
log_seaside.png,log_seaside.JPEG.1.png,0.000208
log_seaside.png,log_seaside.JPEG.2.png,0.009289
log_seaside.png,log_seaside.JPEG.3.png,0.037806
log_seaside.png,log_seaside.JPEG.4.png,0.269258
log_seaside.png,log_seaside.JPEG.5.png,0.638936
monument.png,monument.JPEG.1.png,0.015565
monument.png,monument.JPEG.2.png,0.063270
monument.png,monument.JPEG.3.png,0.323963
monument.png,monument.JPEG.4.png,0.567924
monument.png,monument.JPEG.5.png,0.765559
native_american.png,native_american.JPEG.1.png,0.022606
native_american.png,native_american.JPEG.2.png,0.091709
native_american.png,native_american.JPEG.3.png,0.362078
native_american.png,native_american.JPEG.4.png,0.699263
native_american.png,native_american.JPEG.5.png,0.827044
redwood.png,redwood.JPEG.1.png,0.027168
redwood.png,redwood.JPEG.2.png,0.098655
redwood.png,redwood.JPEG.3.png,0.425072
redwood.png,redwood.JPEG.4.png,0.744926
redwood.png,redwood.JPEG.5.png,0.845802
roping.png,roping.JPEG.1.png,0.013677
roping.png,roping.JPEG.2.png,0.075115
roping.png,roping.JPEG.3.png,0.300448
roping.png,roping.JPEG.4.png,0.599293
roping.png,roping.JPEG.5.png,0.829291
rushmore.png,rushmore.JPEG.1.png,0.024131
rushmore.png,rushmore.JPEG.2.png,0.042972
rushmore.png,rushmore.JPEG.3.png,0.180693
rushmore.png,rushmore.JPEG.4.png,0.537272
rushmore.png,rushmore.JPEG.5.png,0.666299
shroom.png,shroom.JPEG.1.png,0.019647
shroom.png,shroom.JPEG.2.png,0.124728
shroom.png,shroom.JPEG.3.png,0.307087
shroom.png,shroom.JPEG.4.png,0.663131
shroom.png,shroom.JPEG.5.png,0.780081
snow_leaves.png,snow_leaves.JPEG.1.png,0.021858
snow_leaves.png,snow_leaves.JPEG.2.png,0.059661
snow_leaves.png,snow_leaves.JPEG.3.png,0.260905
snow_leaves.png,snow_leaves.JPEG.4.png,0.555248
snow_leaves.png,snow_leaves.JPEG.5.png,0.710816
sunsetcolor.png,sunsetcolor.JPEG.1.png,0.031170
sunsetcolor.png,sunsetcolor.JPEG.2.png,0.436003
sunsetcolor.png,sunsetcolor.JPEG.3.png,0.693030
sunsetcolor.png,sunsetcolor.JPEG.4.png,0.884946
sunsetcolor.png,sunsetcolor.JPEG.5.png,0.917643
sunset_sparrow.png,sunset_sparrow.JPEG.1.png,0.043167
sunset_sparrow.png,sunset_sparrow.JPEG.2.png,0.117386
sunset_sparrow.png,sunset_sparrow.JPEG.3.png,0.341719
sunset_sparrow.png,sunset_sparrow.JPEG.4.png,0.721518
sunset_sparrow.png,sunset_sparrow.JPEG.5.png,0.826071
swarm.png,swarm.JPEG.1.png,0.046621
swarm.png,swarm.JPEG.2.png,0.369293
swarm.png,swarm.JPEG.3.png,0.713532
swarm.png,swarm.JPEG.4.png,0.775962
swarm.png,swarm.JPEG.5.png,0.891153
trolley.png,trolley.JPEG.1.png,0.026266
trolley.png,trolley.JPEG.2.png,0.057287
trolley.png,trolley.JPEG.3.png,0.168480
trolley.png,trolley.JPEG.4.png,0.578454
trolley.png,trolley.JPEG.5.png,0.726540
turtle.png,turtle.JPEG.1.png,0.015467
turtle.png,turtle.JPEG.2.png,0.128719
turtle.png,turtle.JPEG.3.png,0.488430
turtle.png,turtle.JPEG.4.png,0.689535
turtle.png,turtle.JPEG.5.png,0.775016
veggies.png,veggies.JPEG.1.png,0.037552
veggies.png,veggies.JPEG.2.png,0.107661
veggies.png,veggies.JPEG.3.png,0.229410
veggies.png,veggies.JPEG.4.png,0.589821
veggies.png,veggies.JPEG.5.png,0.730394
woman.png,woman.JPEG.1.png,0.031199
woman.png,woman.JPEG.2.png,0.118715
woman.png,woman.JPEG.3.png,0.348318
woman.png,woman.JPEG.4.png,0.621443
woman.png,woman.JPEG.5.png,0.782590
1600.png,1600.jpeg2000.1.png,0.011967
1600.png,1600.jpeg2000.2.png,0.135311
1600.png,1600.jpeg2000.3.png,0.364361
1600.png,1600.jpeg2000.4.png,0.575843
1600.png,1600.jpeg2000.5.png,0.826916
aerial_city.png,aerial_city.jpeg2000.1.png,0.027045
aerial_city.png,aerial_city.jpeg2000.2.png,0.191014
aerial_city.png,aerial_city.jpeg2000.3.png,0.485551
aerial_city.png,aerial_city.jpeg2000.4.png,0.754413
aerial_city.png,aerial_city.jpeg2000.5.png,0.955908
boston.png,boston.jpeg2000.1.png,0.000294
boston.png,boston.jpeg2000.2.png,0.118135
boston.png,boston.jpeg2000.3.png,0.389335
boston.png,boston.jpeg2000.4.png,0.696563
boston.png,boston.jpeg2000.5.png,0.904305
bridge.png,bridge.jpeg2000.1.png,0.038118
bridge.png,bridge.jpeg2000.2.png,0.202935
bridge.png,bridge.jpeg2000.3.png,0.409380
bridge.png,bridge.jpeg2000.4.png,0.650820
bridge.png,bridge.jpeg2000.5.png,0.824682
butter_flower.png,butter_flower.jpeg2000.1.png,0.027567
butter_flower.png,butter_flower.jpeg2000.2.png,0.143161
butter_flower.png,butter_flower.jpeg2000.3.png,0.459942
butter_flower.png,butter_flower.jpeg2000.4.png,0.779221
butter_flower.png,butter_flower.jpeg2000.5.png,0.925690
cactus.png,cactus.jpeg2000.1.png,0.078557
cactus.png,cactus.jpeg2000.2.png,0.209039
cactus.png,cactus.jpeg2000.3.png,0.405463
cactus.png,cactus.jpeg2000.4.png,0.638977
cactus.png,cactus.jpeg2000.5.png,0.785250
child_swimming.png,child_swimming.jpeg2000.1.png,0.028659
child_swimming.png,child_swimming.jpeg2000.2.png,0.042940
child_swimming.png,child_swimming.jpeg2000.3.png,0.322600
child_swimming.png,child_swimming.jpeg2000.4.png,0.546622
child_swimming.png,child_swimming.jpeg2000.5.png,0.765875
couple.png,couple.jpeg2000.1.png,0.002141
couple.png,couple.jpeg2000.2.png,0.072520
couple.png,couple.jpeg2000.3.png,0.385885
couple.png,couple.jpeg2000.4.png,0.630620
couple.png,couple.jpeg2000.5.png,0.804854
elk.png,elk.jpeg2000.1.png,0.026943
elk.png,elk.jpeg2000.2.png,0.074380
elk.png,elk.jpeg2000.3.png,0.245089
elk.png,elk.jpeg2000.4.png,0.545794
elk.png,elk.jpeg2000.5.png,0.810573
family.png,family.jpeg2000.1.png,0.044337
family.png,family.jpeg2000.2.png,0.237538
family.png,family.jpeg2000.3.png,0.558713
family.png,family.jpeg2000.4.png,0.761955
family.png,family.jpeg2000.5.png,0.977123
fisher.png,fisher.jpeg2000.1.png,0.008125
fisher.png,fisher.jpeg2000.2.png,0.176319
fisher.png,fisher.jpeg2000.3.png,0.517954
fisher.png,fisher.jpeg2000.4.png,0.808429
fisher.png,fisher.jpeg2000.5.png,0.972080
foxy.png,foxy.jpeg2000.1.png,0.015411
foxy.png,foxy.jpeg2000.2.png,0.056298
foxy.png,foxy.jpeg2000.3.png,0.178762
foxy.png,foxy.jpeg2000.4.png,0.379203
foxy.png,foxy.jpeg2000.5.png,0.609030
geckos.png,geckos.jpeg2000.1.png,0.022350
geckos.png,geckos.jpeg2000.2.png,0.044189
geckos.png,geckos.jpeg2000.3.png,0.170479
geckos.png,geckos.jpeg2000.4.png,0.377391
geckos.png,geckos.jpeg2000.5.png,0.617103
lady_liberty.png,lady_liberty.jpeg2000.1.png,0.031247
lady_liberty.png,lady_liberty.jpeg2000.2.png,0.267004
lady_liberty.png,lady_liberty.jpeg2000.3.png,0.508630
lady_liberty.png,lady_liberty.jpeg2000.4.png,0.763424
lady_liberty.png,lady_liberty.jpeg2000.5.png,0.907292
lake.png,lake.jpeg2000.1.png,0.065431
lake.png,lake.jpeg2000.2.png,0.166944
lake.png,lake.jpeg2000.3.png,0.247797
lake.png,lake.jpeg2000.4.png,0.408123
lake.png,lake.jpeg2000.5.png,0.682337
log_seaside.png,log_seaside.jpeg2000.1.png,0.000208
log_seaside.png,log_seaside.jpeg2000.2.png,0.044763
log_seaside.png,log_seaside.jpeg2000.3.png,0.159952
log_seaside.png,log_seaside.jpeg2000.4.png,0.394424
log_seaside.png,log_seaside.jpeg2000.5.png,0.693041
monument.png,monument.jpeg2000.1.png,0.014624
monument.png,monument.jpeg2000.2.png,0.106412
monument.png,monument.jpeg2000.3.png,0.380948
monument.png,monument.jpeg2000.4.png,0.665182
monument.png,monument.jpeg2000.5.png,0.820598
native_american.png,native_american.jpeg2000.1.png,0.054907
native_american.png,native_american.jpeg2000.2.png,0.150310
native_american.png,native_american.jpeg2000.3.png,0.372920
native_american.png,native_american.jpeg2000.4.png,0.723122
native_american.png,native_american.jpeg2000.5.png,0.887085
redwood.png,redwood.jpeg2000.1.png,0.031707
redwood.png,redwood.jpeg2000.2.png,0.182316
redwood.png,redwood.jpeg2000.3.png,0.434438
redwood.png,redwood.jpeg2000.4.png,0.681236
redwood.png,redwood.jpeg2000.5.png,0.885726
roping.png,roping.jpeg2000.1.png,0.017065
roping.png,roping.jpeg2000.2.png,0.171858
roping.png,roping.jpeg2000.3.png,0.364208
roping.png,roping.jpeg2000.4.png,0.670977
roping.png,roping.jpeg2000.5.png,0.910231
rushmore.png,rushmore.jpeg2000.1.png,0.018268
rushmore.png,rushmore.jpeg2000.2.png,0.090044
rushmore.png,rushmore.jpeg2000.3.png,0.306238
rushmore.png,rushmore.jpeg2000.4.png,0.501412
rushmore.png,rushmore.jpeg2000.5.png,0.753767
shroom.png,shroom.jpeg2000.1.png,0.004010
shroom.png,shroom.jpeg2000.2.png,0.080263
shroom.png,shroom.jpeg2000.3.png,0.391021
shroom.png,shroom.jpeg2000.4.png,0.605435
shroom.png,shroom.jpeg2000.5.png,0.836572
snow_leaves.png,snow_leaves.jpeg2000.1.png,0.004027
snow_leaves.png,snow_leaves.jpeg2000.2.png,0.077840
snow_leaves.png,snow_leaves.jpeg2000.3.png,0.187381
snow_leaves.png,snow_leaves.jpeg2000.4.png,0.555400
snow_leaves.png,snow_leaves.jpeg2000.5.png,0.756591
sunsetcolor.png,sunsetcolor.jpeg2000.1.png,0.023928
sunsetcolor.png,sunsetcolor.jpeg2000.2.png,0.300653
sunsetcolor.png,sunsetcolor.jpeg2000.3.png,0.655226
sunsetcolor.png,sunsetcolor.jpeg2000.4.png,0.850891
sunsetcolor.png,sunsetcolor.jpeg2000.5.png,1.000000
sunset_sparrow.png,sunset_sparrow.jpeg2000.1.png,0.058402
sunset_sparrow.png,sunset_sparrow.jpeg2000.2.png,0.178501
sunset_sparrow.png,sunset_sparrow.jpeg2000.3.png,0.391255
sunset_sparrow.png,sunset_sparrow.jpeg2000.4.png,0.606085
sunset_sparrow.png,sunset_sparrow.jpeg2000.5.png,0.888810
swarm.png,swarm.jpeg2000.1.png,0.032796
swarm.png,swarm.jpeg2000.2.png,0.313328
swarm.png,swarm.jpeg2000.3.png,0.572300
swarm.png,swarm.jpeg2000.4.png,0.837374
swarm.png,swarm.jpeg2000.5.png,0.967152
trolley.png,trolley.jpeg2000.1.png,0.035962
trolley.png,trolley.jpeg2000.2.png,0.164425
trolley.png,trolley.jpeg2000.3.png,0.349715
trolley.png,trolley.jpeg2000.4.png,0.533182
trolley.png,trolley.jpeg2000.5.png,0.763933
turtle.png,turtle.jpeg2000.1.png,0.001972
turtle.png,turtle.jpeg2000.2.png,0.162116
turtle.png,turtle.jpeg2000.3.png,0.531665
turtle.png,turtle.jpeg2000.4.png,0.802320
turtle.png,turtle.jpeg2000.5.png,0.984200
veggies.png,veggies.jpeg2000.1.png,0.045103
veggies.png,veggies.jpeg2000.2.png,0.114308
veggies.png,veggies.jpeg2000.3.png,0.317298
veggies.png,veggies.jpeg2000.4.png,0.547713
veggies.png,veggies.jpeg2000.5.png,0.771946
woman.png,woman.jpeg2000.1.png,0.042023
woman.png,woman.jpeg2000.2.png,0.121537
woman.png,woman.jpeg2000.3.png,0.403444
woman.png,woman.jpeg2000.4.png,0.641080
woman.png,woman.jpeg2000.5.png,0.896614
1600.png,1600.fnoise.1.png,0.052376
1600.png,1600.fnoise.2.png,0.253058
1600.png,1600.fnoise.3.png,0.375741
1600.png,1600.fnoise.4.png,0.489880
1600.png,1600.fnoise.5.png,0.565219
aerial_city.png,aerial_city.fnoise.1.png,0.125646
aerial_city.png,aerial_city.fnoise.2.png,0.318731
aerial_city.png,aerial_city.fnoise.3.png,0.475221
aerial_city.png,aerial_city.fnoise.4.png,0.600628
aerial_city.png,aerial_city.fnoise.5.png,0.707734
boston.png,boston.fnoise.1.png,0.067654
boston.png,boston.fnoise.2.png,0.243427
boston.png,boston.fnoise.3.png,0.498129
boston.png,boston.fnoise.4.png,0.619963
boston.png,boston.fnoise.5.png,0.724084
bridge.png,bridge.fnoise.1.png,0.050821
bridge.png,bridge.fnoise.2.png,0.292757
bridge.png,bridge.fnoise.3.png,0.428868
bridge.png,bridge.fnoise.4.png,0.595310
bridge.png,bridge.fnoise.5.png,0.696540
butter_flower.png,butter_flower.fnoise.1.png,0.027877
butter_flower.png,butter_flower.fnoise.2.png,0.195120
butter_flower.png,butter_flower.fnoise.3.png,0.381516
butter_flower.png,butter_flower.fnoise.4.png,0.549040
butter_flower.png,butter_flower.fnoise.5.png,0.726603
cactus.png,cactus.fnoise.1.png,0.222083
cactus.png,cactus.fnoise.2.png,0.325322
cactus.png,cactus.fnoise.3.png,0.503035
cactus.png,cactus.fnoise.4.png,0.594751
cactus.png,cactus.fnoise.5.png,0.666608
child_swimming.png,child_swimming.fnoise.1.png,0.031725
child_swimming.png,child_swimming.fnoise.2.png,0.226116
child_swimming.png,child_swimming.fnoise.3.png,0.375526
child_swimming.png,child_swimming.fnoise.4.png,0.570449
child_swimming.png,child_swimming.fnoise.5.png,0.699115
couple.png,couple.fnoise.1.png,0.011536
couple.png,couple.fnoise.2.png,0.088824
couple.png,couple.fnoise.3.png,0.264691
couple.png,couple.fnoise.4.png,0.467049
couple.png,couple.fnoise.5.png,0.638799
elk.png,elk.fnoise.1.png,0.046471
elk.png,elk.fnoise.2.png,0.246678
elk.png,elk.fnoise.3.png,0.370894
elk.png,elk.fnoise.4.png,0.483852
elk.png,elk.fnoise.5.png,0.644948
family.png,family.fnoise.1.png,0.169833
family.png,family.fnoise.2.png,0.271892
family.png,family.fnoise.3.png,0.447987
family.png,family.fnoise.4.png,0.568643
family.png,family.fnoise.5.png,0.680636
fisher.png,fisher.fnoise.1.png,0.066060
fisher.png,fisher.fnoise.2.png,0.270288
fisher.png,fisher.fnoise.3.png,0.402802
fisher.png,fisher.fnoise.4.png,0.487372
fisher.png,fisher.fnoise.5.png,0.606523
foxy.png,foxy.fnoise.1.png,0.022738
foxy.png,foxy.fnoise.2.png,0.092167
foxy.png,foxy.fnoise.3.png,0.332709
foxy.png,foxy.fnoise.4.png,0.400978
foxy.png,foxy.fnoise.5.png,0.575855
geckos.png,geckos.fnoise.1.png,0.004041
geckos.png,geckos.fnoise.2.png,0.190149
geckos.png,geckos.fnoise.3.png,0.337513
geckos.png,geckos.fnoise.4.png,0.451414
geckos.png,geckos.fnoise.5.png,0.609818
lady_liberty.png,lady_liberty.fnoise.1.png,0.031954
lady_liberty.png,lady_liberty.fnoise.2.png,0.193461
lady_liberty.png,lady_liberty.fnoise.3.png,0.352432
lady_liberty.png,lady_liberty.fnoise.4.png,0.505370
lady_liberty.png,lady_liberty.fnoise.5.png,0.641992
lake.png,lake.fnoise.1.png,0.124647
lake.png,lake.fnoise.2.png,0.290345
lake.png,lake.fnoise.3.png,0.439697
lake.png,lake.fnoise.4.png,0.571498
lake.png,lake.fnoise.5.png,0.659032
log_seaside.png,log_seaside.fnoise.1.png,0.017510
log_seaside.png,log_seaside.fnoise.2.png,0.143125
log_seaside.png,log_seaside.fnoise.3.png,0.322969
log_seaside.png,log_seaside.fnoise.4.png,0.518165
log_seaside.png,log_seaside.fnoise.5.png,0.672643
monument.png,monument.fnoise.1.png,0.030943
monument.png,monument.fnoise.2.png,0.208240
monument.png,monument.fnoise.3.png,0.320127
monument.png,monument.fnoise.4.png,0.513709
monument.png,monument.fnoise.5.png,0.598478
native_american.png,native_american.fnoise.1.png,0.086900
native_american.png,native_american.fnoise.2.png,0.254457
native_american.png,native_american.fnoise.3.png,0.490956
native_american.png,native_american.fnoise.4.png,0.617730
native_american.png,native_american.fnoise.5.png,0.735444
redwood.png,redwood.fnoise.1.png,0.094844
redwood.png,redwood.fnoise.2.png,0.309781
redwood.png,redwood.fnoise.3.png,0.524452
redwood.png,redwood.fnoise.4.png,0.653247
redwood.png,redwood.fnoise.5.png,0.752071
roping.png,roping.fnoise.1.png,0.032260
roping.png,roping.fnoise.2.png,0.138743
roping.png,roping.fnoise.3.png,0.335892
roping.png,roping.fnoise.4.png,0.512508
roping.png,roping.fnoise.5.png,0.738256
rushmore.png,rushmore.fnoise.1.png,0.198400
rushmore.png,rushmore.fnoise.2.png,0.296648
rushmore.png,rushmore.fnoise.3.png,0.422267
rushmore.png,rushmore.fnoise.4.png,0.546638
rushmore.png,rushmore.fnoise.5.png,0.635856
shroom.png,shroom.fnoise.1.png,0.021546
shroom.png,shroom.fnoise.2.png,0.179984
shroom.png,shroom.fnoise.3.png,0.355739
shroom.png,shroom.fnoise.4.png,0.574764
shroom.png,shroom.fnoise.5.png,0.701658
snow_leaves.png,snow_leaves.fnoise.1.png,0.047634
snow_leaves.png,snow_leaves.fnoise.2.png,0.224576
snow_leaves.png,snow_leaves.fnoise.3.png,0.411411
snow_leaves.png,snow_leaves.fnoise.4.png,0.536042
snow_leaves.png,snow_leaves.fnoise.5.png,0.679135
sunsetcolor.png,sunsetcolor.fnoise.1.png,0.119233
sunsetcolor.png,sunsetcolor.fnoise.2.png,0.339214
sunsetcolor.png,sunsetcolor.fnoise.3.png,0.531446
sunsetcolor.png,sunsetcolor.fnoise.4.png,0.617306
sunsetcolor.png,sunsetcolor.fnoise.5.png,0.721442
sunset_sparrow.png,sunset_sparrow.fnoise.1.png,0.224163
sunset_sparrow.png,sunset_sparrow.fnoise.2.png,0.369215
sunset_sparrow.png,sunset_sparrow.fnoise.3.png,0.539079
sunset_sparrow.png,sunset_sparrow.fnoise.4.png,0.606823
sunset_sparrow.png,sunset_sparrow.fnoise.5.png,0.734220
swarm.png,swarm.fnoise.1.png,0.072390
swarm.png,swarm.fnoise.2.png,0.365700
swarm.png,swarm.fnoise.3.png,0.586326
swarm.png,swarm.fnoise.4.png,0.696730
swarm.png,swarm.fnoise.5.png,0.816409
trolley.png,trolley.fnoise.1.png,0.067151
trolley.png,trolley.fnoise.2.png,0.293905
trolley.png,trolley.fnoise.3.png,0.432026
trolley.png,trolley.fnoise.4.png,0.586492
trolley.png,trolley.fnoise.5.png,0.700958
turtle.png,turtle.fnoise.1.png,0.038818
turtle.png,turtle.fnoise.2.png,0.172603
turtle.png,turtle.fnoise.3.png,0.344786
turtle.png,turtle.fnoise.4.png,0.538384
turtle.png,turtle.fnoise.5.png,0.653117
veggies.png,veggies.fnoise.1.png,0.064548
veggies.png,veggies.fnoise.2.png,0.202910
veggies.png,veggies.fnoise.3.png,0.371083
veggies.png,veggies.fnoise.4.png,0.600194
veggies.png,veggies.fnoise.5.png,0.683021
woman.png,woman.fnoise.1.png,0.098706
woman.png,woman.fnoise.2.png,0.262388
woman.png,woman.fnoise.3.png,0.490339
woman.png,woman.fnoise.4.png,0.638011
woman.png,woman.fnoise.5.png,0.741920
1600.png,1600.BLUR.1.png,0.042668
1600.png,1600.BLUR.2.png,0.142435
1600.png,1600.BLUR.3.png,0.341114
1600.png,1600.BLUR.4.png,0.471038
1600.png,1600.BLUR.5.png,0.749795
aerial_city.png,aerial_city.BLUR.1.png,0.024984
aerial_city.png,aerial_city.BLUR.2.png,0.114349
aerial_city.png,aerial_city.BLUR.3.png,0.259421
aerial_city.png,aerial_city.BLUR.4.png,0.463945
aerial_city.png,aerial_city.BLUR.5.png,0.895963
boston.png,boston.BLUR.1.png,0.083456
boston.png,boston.BLUR.2.png,0.215749
boston.png,boston.BLUR.3.png,0.363120
boston.png,boston.BLUR.4.png,0.571217
boston.png,boston.BLUR.5.png,0.913013
bridge.png,bridge.BLUR.1.png,0.060651
bridge.png,bridge.BLUR.2.png,0.182437
bridge.png,bridge.BLUR.3.png,0.348140
bridge.png,bridge.BLUR.4.png,0.635791
bridge.png,bridge.BLUR.5.png,0.777178
butter_flower.png,butter_flower.BLUR.1.png,0.078072
butter_flower.png,butter_flower.BLUR.2.png,0.201968
butter_flower.png,butter_flower.BLUR.3.png,0.481980
butter_flower.png,butter_flower.BLUR.4.png,0.778540
butter_flower.png,butter_flower.BLUR.5.png,0.952775
cactus.png,cactus.BLUR.1.png,0.066743
cactus.png,cactus.BLUR.2.png,0.147199
cactus.png,cactus.BLUR.3.png,0.399275
cactus.png,cactus.BLUR.4.png,0.508410
cactus.png,cactus.BLUR.5.png,0.749996
child_swimming.png,child_swimming.BLUR.1.png,0.031725
child_swimming.png,child_swimming.BLUR.2.png,0.187156
child_swimming.png,child_swimming.BLUR.3.png,0.290016
child_swimming.png,child_swimming.BLUR.4.png,0.484981
child_swimming.png,child_swimming.BLUR.5.png,0.758275
couple.png,couple.BLUR.1.png,0.047046
couple.png,couple.BLUR.2.png,0.249072
couple.png,couple.BLUR.3.png,0.408100
couple.png,couple.BLUR.4.png,0.588777
couple.png,couple.BLUR.5.png,0.785378
elk.png,elk.BLUR.1.png,0.044255
elk.png,elk.BLUR.2.png,0.121626
elk.png,elk.BLUR.3.png,0.247087
elk.png,elk.BLUR.4.png,0.404821
elk.png,elk.BLUR.5.png,0.762872
family.png,family.BLUR.1.png,0.036967
family.png,family.BLUR.2.png,0.149343
family.png,family.BLUR.3.png,0.262240
family.png,family.BLUR.4.png,0.538365
family.png,family.BLUR.5.png,0.856256
fisher.png,fisher.BLUR.1.png,0.055759
fisher.png,fisher.BLUR.2.png,0.361151
fisher.png,fisher.BLUR.3.png,0.583247
fisher.png,fisher.BLUR.4.png,0.800442
fisher.png,fisher.BLUR.5.png,0.912743
foxy.png,foxy.BLUR.1.png,0.015862
foxy.png,foxy.BLUR.2.png,0.109800
foxy.png,foxy.BLUR.3.png,0.179801
foxy.png,foxy.BLUR.4.png,0.290320
foxy.png,foxy.BLUR.5.png,0.441840
geckos.png,geckos.BLUR.1.png,0.012523
geckos.png,geckos.BLUR.2.png,0.067628
geckos.png,geckos.BLUR.3.png,0.230962
geckos.png,geckos.BLUR.4.png,0.340858
geckos.png,geckos.BLUR.5.png,0.569738
lady_liberty.png,lady_liberty.BLUR.1.png,0.058938
lady_liberty.png,lady_liberty.BLUR.2.png,0.226532
lady_liberty.png,lady_liberty.BLUR.3.png,0.461503
lady_liberty.png,lady_liberty.BLUR.4.png,0.673304
lady_liberty.png,lady_liberty.BLUR.5.png,0.965805
lake.png,lake.BLUR.1.png,0.074177
lake.png,lake.BLUR.2.png,0.162926
lake.png,lake.BLUR.3.png,0.295628
lake.png,lake.BLUR.4.png,0.470207
lake.png,lake.BLUR.5.png,0.654704
log_seaside.png,log_seaside.BLUR.1.png,0.013494
log_seaside.png,log_seaside.BLUR.2.png,0.078074
log_seaside.png,log_seaside.BLUR.3.png,0.207243
log_seaside.png,log_seaside.BLUR.4.png,0.350514
log_seaside.png,log_seaside.BLUR.5.png,0.590394
monument.png,monument.BLUR.1.png,0.047668
monument.png,monument.BLUR.2.png,0.177046
monument.png,monument.BLUR.3.png,0.359401
monument.png,monument.BLUR.4.png,0.587549
monument.png,monument.BLUR.5.png,0.790275
native_american.png,native_american.BLUR.1.png,0.035081
native_american.png,native_american.BLUR.2.png,0.172279
native_american.png,native_american.BLUR.3.png,0.364939
native_american.png,native_american.BLUR.4.png,0.606542
native_american.png,native_american.BLUR.5.png,0.868067
redwood.png,redwood.BLUR.1.png,0.087942
redwood.png,redwood.BLUR.2.png,0.229960
redwood.png,redwood.BLUR.3.png,0.380931
redwood.png,redwood.BLUR.4.png,0.569354
redwood.png,redwood.BLUR.5.png,0.845567
roping.png,roping.BLUR.1.png,0.034108
roping.png,roping.BLUR.2.png,0.188499
roping.png,roping.BLUR.3.png,0.470544
roping.png,roping.BLUR.4.png,0.670046
roping.png,roping.BLUR.5.png,0.879711
rushmore.png,rushmore.BLUR.1.png,0.011442
rushmore.png,rushmore.BLUR.2.png,0.083287
rushmore.png,rushmore.BLUR.3.png,0.241583
rushmore.png,rushmore.BLUR.4.png,0.415576
rushmore.png,rushmore.BLUR.5.png,0.657591
shroom.png,shroom.BLUR.1.png,0.046042
shroom.png,shroom.BLUR.2.png,0.161031
shroom.png,shroom.BLUR.3.png,0.394708
shroom.png,shroom.BLUR.4.png,0.549160
shroom.png,shroom.BLUR.5.png,0.769242
snow_leaves.png,snow_leaves.BLUR.1.png,0.019751
snow_leaves.png,snow_leaves.BLUR.2.png,0.139744
snow_leaves.png,snow_leaves.BLUR.3.png,0.300325
snow_leaves.png,snow_leaves.BLUR.4.png,0.459809
snow_leaves.png,snow_leaves.BLUR.5.png,0.696410
sunsetcolor.png,sunsetcolor.BLUR.1.png,0.073076
sunsetcolor.png,sunsetcolor.BLUR.2.png,0.308526
sunsetcolor.png,sunsetcolor.BLUR.3.png,0.725918
sunsetcolor.png,sunsetcolor.BLUR.4.png,0.962783
sunsetcolor.png,sunsetcolor.BLUR.5.png,0.999409
sunset_sparrow.png,sunset_sparrow.BLUR.1.png,0.086547
sunset_sparrow.png,sunset_sparrow.BLUR.2.png,0.190692
sunset_sparrow.png,sunset_sparrow.BLUR.3.png,0.306891
sunset_sparrow.png,sunset_sparrow.BLUR.4.png,0.547604
sunset_sparrow.png,sunset_sparrow.BLUR.5.png,0.845918
swarm.png,swarm.BLUR.1.png,0.075406
swarm.png,swarm.BLUR.2.png,0.292512
swarm.png,swarm.BLUR.3.png,0.558793
swarm.png,swarm.BLUR.4.png,0.817972
swarm.png,swarm.BLUR.5.png,0.962827
trolley.png,trolley.BLUR.1.png,0.036354
trolley.png,trolley.BLUR.2.png,0.115158
trolley.png,trolley.BLUR.3.png,0.229825
trolley.png,trolley.BLUR.4.png,0.406963
trolley.png,trolley.BLUR.5.png,0.605860
turtle.png,turtle.BLUR.1.png,0.060455
turtle.png,turtle.BLUR.2.png,0.234857
turtle.png,turtle.BLUR.3.png,0.518088
turtle.png,turtle.BLUR.4.png,0.747465
turtle.png,turtle.BLUR.5.png,0.932888
veggies.png,veggies.BLUR.1.png,0.056444
veggies.png,veggies.BLUR.2.png,0.206285
veggies.png,veggies.BLUR.3.png,0.348899
veggies.png,veggies.BLUR.4.png,0.521398
veggies.png,veggies.BLUR.5.png,0.718836
woman.png,woman.BLUR.1.png,0.086440
woman.png,woman.BLUR.2.png,0.198053
woman.png,woman.BLUR.3.png,0.419918
woman.png,woman.BLUR.4.png,0.616310
woman.png,woman.BLUR.5.png,0.833920
1600.png,1600.contrast.1.png,0.056181
1600.png,1600.contrast.2.png,0.200969
1600.png,1600.contrast.3.png,0.310325
1600.png,1600.contrast.4.png,0.370599
aerial_city.png,aerial_city.contrast.1.png,0.037807
aerial_city.png,aerial_city.contrast.2.png,0.163089
aerial_city.png,aerial_city.contrast.3.png,0.366567
aerial_city.png,aerial_city.contrast.4.png,0.452587
boston.png,boston.contrast.1.png,0.116568
boston.png,boston.contrast.2.png,0.339159
boston.png,boston.contrast.3.png,0.605352
boston.png,boston.contrast.4.png,0.689729
bridge.png,bridge.contrast.1.png,0.036407
bridge.png,bridge.contrast.2.png,0.139471
bridge.png,bridge.contrast.3.png,0.344892
bridge.png,bridge.contrast.4.png,0.457522
butter_flower.png,butter_flower.contrast.1.png,0.069831
butter_flower.png,butter_flower.contrast.2.png,0.256400
butter_flower.png,butter_flower.contrast.3.png,0.514702
butter_flower.png,butter_flower.contrast.4.png,0.614887
cactus.png,cactus.contrast.1.png,0.111255
cactus.png,cactus.contrast.2.png,0.285157
cactus.png,cactus.contrast.3.png,0.407726
cactus.png,cactus.contrast.4.png,0.516734
child_swimming.png,child_swimming.contrast.1.png,0.143308
child_swimming.png,child_swimming.contrast.2.png,0.289023
child_swimming.png,child_swimming.contrast.3.png,0.553583
child_swimming.png,child_swimming.contrast.4.png,0.565118
couple.png,couple.contrast.1.png,0.097268
couple.png,couple.contrast.2.png,0.209819
couple.png,couple.contrast.3.png,0.352458
couple.png,couple.contrast.4.png,0.416757
elk.png,elk.contrast.1.png,0.075542
elk.png,elk.contrast.2.png,0.200369
elk.png,elk.contrast.3.png,0.399110
family.png,family.contrast.1.png,0.026858
family.png,family.contrast.2.png,0.144776
family.png,family.contrast.3.png,0.279523
family.png,family.contrast.4.png,0.378507
fisher.png,fisher.contrast.1.png,0.090437
fisher.png,fisher.contrast.2.png,0.212385
fisher.png,fisher.contrast.3.png,0.341556
fisher.png,fisher.contrast.4.png,0.389413
foxy.png,foxy.contrast.1.png,0.046767
foxy.png,foxy.contrast.2.png,0.183250
foxy.png,foxy.contrast.3.png,0.356077
foxy.png,foxy.contrast.4.png,0.469925
geckos.png,geckos.contrast.1.png,0.105398
geckos.png,geckos.contrast.2.png,0.238840
geckos.png,geckos.contrast.3.png,0.452383
lady_liberty.png,lady_liberty.contrast.1.png,0.091671
lady_liberty.png,lady_liberty.contrast.2.png,0.305203
lady_liberty.png,lady_liberty.contrast.3.png,0.640590
lake.png,lake.contrast.1.png,0.094336
lake.png,lake.contrast.2.png,0.265063
lake.png,lake.contrast.3.png,0.409732
lake.png,lake.contrast.4.png,0.506456
log_seaside.png,log_seaside.contrast.1.png,0.023420
log_seaside.png,log_seaside.contrast.2.png,0.156705
log_seaside.png,log_seaside.contrast.3.png,0.369062
log_seaside.png,log_seaside.contrast.4.png,0.458282
monument.png,monument.contrast.1.png,0.013177
monument.png,monument.contrast.2.png,0.142370
monument.png,monument.contrast.3.png,0.258125
monument.png,monument.contrast.4.png,0.323351
native_american.png,native_american.contrast.1.png,0.061938
native_american.png,native_american.contrast.2.png,0.223733
native_american.png,native_american.contrast.3.png,0.369587
native_american.png,native_american.contrast.4.png,0.458626
redwood.png,redwood.contrast.1.png,0.073889
redwood.png,redwood.contrast.2.png,0.198001
redwood.png,redwood.contrast.3.png,0.389842
redwood.png,redwood.contrast.4.png,0.470886
roping.png,roping.contrast.1.png,0.056443
roping.png,roping.contrast.2.png,0.192126
roping.png,roping.contrast.3.png,0.370885
roping.png,roping.contrast.4.png,0.450367
rushmore.png,rushmore.contrast.1.png,0.124708
rushmore.png,rushmore.contrast.2.png,0.289588
rushmore.png,rushmore.contrast.3.png,0.392930
rushmore.png,rushmore.contrast.4.png,0.505777
shroom.png,shroom.contrast.1.png,0.080630
shroom.png,shroom.contrast.2.png,0.184374
shroom.png,shroom.contrast.3.png,0.332786
shroom.png,shroom.contrast.4.png,0.410194
snow_leaves.png,snow_leaves.contrast.1.png,0.040660
snow_leaves.png,snow_leaves.contrast.2.png,0.220943
snow_leaves.png,snow_leaves.contrast.3.png,0.319527
snow_leaves.png,snow_leaves.contrast.4.png,0.378758
sunsetcolor.png,sunsetcolor.contrast.1.png,0.052038
sunsetcolor.png,sunsetcolor.contrast.2.png,0.130973
sunsetcolor.png,sunsetcolor.contrast.3.png,0.272601
sunsetcolor.png,sunsetcolor.contrast.4.png,0.413102
sunset_sparrow.png,sunset_sparrow.contrast.1.png,0.093578
sunset_sparrow.png,sunset_sparrow.contrast.2.png,0.260493
sunset_sparrow.png,sunset_sparrow.contrast.3.png,0.401872
sunset_sparrow.png,sunset_sparrow.contrast.4.png,0.465398
swarm.png,swarm.contrast.1.png,0.090613
swarm.png,swarm.contrast.2.png,0.314752
swarm.png,swarm.contrast.3.png,0.625270
trolley.png,trolley.contrast.1.png,0.056003
trolley.png,trolley.contrast.2.png,0.214995
trolley.png,trolley.contrast.3.png,0.433002
trolley.png,trolley.contrast.4.png,0.497138
turtle.png,turtle.contrast.1.png,0.079246
turtle.png,turtle.contrast.2.png,0.198892
turtle.png,turtle.contrast.3.png,0.406588
turtle.png,turtle.contrast.4.png,0.554236
veggies.png,veggies.contrast.1.png,0.055548
veggies.png,veggies.contrast.2.png,0.202823
veggies.png,veggies.contrast.3.png,0.331716
veggies.png,veggies.contrast.4.png,0.385333
woman.png,woman.contrast.1.png,0.068355
woman.png,woman.contrast.2.png,0.172780
woman.png,woman.contrast.3.png,0.409342
woman.png,woman.contrast.4.png,0.468556
